Ключевое слово;Частотность (Москва);Интент
купить башенный кран;450;коммерческий
башенный кран цена;380;коммерческий
продажа башенных кранов;210;коммерческий
башенный кран стоимость;180;коммерческий
башенный кран москва купить;150;коммерческий
башенный кран бу цена;120;коммерческий
башенный кран в лизинг;95;транзакционный
аренда башенного крана;280;транзакционный
башенный кран аренда москва;110;транзакционный
башенный кран грузоподъемностью 5 тонн;70;коммерческий
башенный кран высота подъема;60;информационный
башенный кран технические характеристики;85;информационный
кран башенный строительный;200;коммерческий
башенный кран для стройки;95;коммерческий
передвижной башенный кран;75;коммерческий
стационарный башенный кран;45;коммерческий
кран liebherr башенный;120;коммерческий
башенный кран potain;85;коммерческий
башенный кран zoomlion;60;коммерческий
башенный кран кб-403;55;коммерческий
башенный кран;1800;информационный
башенные краны;950;информационный
виды башенных кранов;80;информационный
устройство башенного крана;65;информационный
производители башенных кранов;70;информационный
